n,k,average_score,score_std,average_time
2,100,0.986223,0.116565,9.14e-06
3,100,0.769302,0.421279,7.888e-05
